"category","scheme","ica","bin","project_id","mcm_id","country_of_registration","currency","product_code","product_type","processor","processor_msp_bid","client","client_msp_bid","bin_live_date","product_status","product_go_live_date","gsi_pcr","processing_ica_cib","endpoint","ehi","independent_emoney","rpp_pif","co_brands","mastercom_rid","dcc","invoice_company","invoice_contact","project_manger","comments","bin_closure_date","number_ica","number_bin"
"ATM - Acquiring","Visa",,409023,"PUK305529697",,"Europe","EUR","ACQ - Acquirer Only","Acquiring Only","ACI Worldwide","10086706","Brinks Inc","10085330",,"Delivery",,,,,,,,,,,,,,,,,409023
"ATM - Acquiring","Mastercard",26380,270270,"CIS-2022-03675","96826","Estonia","EUR","ACQ - Acquirer Only","Acquiring Only","ACI Worldwide","166308","Brinks Inc",,,"Delivery",,"40125",,,,,,,,,,,,"Mark Milsom","BIN yet to be requested. Original project CIS-2021-13732 was cancelled by MC. New project initiated.",26380,270270
"ATM - Acquiring","Mastercard",26379,270248,"CIS-2022-03675","96840","France","EUR","ACQ - Acquirer Only","Acquiring Only","ACI Worldwide","166308","Brinks Inc",,,"Delivery",,"40125",,,,,,,,,,,,"Mark Milsom","BIN yet to be requested. Original project CIS-2021-13732 was cancelled by MC. New project initiated.",26379,270248
"ATM - Acquiring","Mastercard",26378,270264,"CIS-2022-03675","96836","Ireland","EUR","ACQ - Acquirer Only","Acquiring Only","ACI Worldwide","166308","Brinks Inc",,,"Delivery",,"40125",,,,,,,,,,,,"Mark Milsom","BIN yet to be requested. Original project CIS-2021-13732 was cancelled by MC. New project initiated.",26378,270264
"ATM - Acquiring","Mastercard",26377,270272,"CIS-2022-03675","96831","Lithuania","EUR","ACQ - Acquirer Only","Acquiring Only","ACI Worldwide","166308","Brinks Inc",,,"Delivery",,"40125",,,,,,,,,,,,"Mark Milsom","BIN yet to be requested. Original project CIS-2021-13732 was cancelled by MC. New project initiated.",26377,270272
"ATM - Acquiring","Mastercard",26376,270275,"CIS-2022-03675","96836","Latvia","EUR","ACQ - Acquirer Only","Acquiring Only","ACI Worldwide","166308","Brinks Inc",,,"Delivery",,"40125",,,,,,,,,,,,"Mark Milsom","BIN yet to be requested. Original project CIS-2021-13732 was cancelled by MC. New project initiated.",26376,270275
"Issuing","Mastercard",19676,546048,"CIS-2017-15675 & CIS-2018-06697",,"United Kingdom","MFX-14","MPG - Prepaid MasterCard General Spend Card","Consumer Prepaid","GPS","184220","An Other","251539","02/03/2018","Migrated","09/05/2018","20293",,"12181","0081062","N","N","RPP-26648",,"Hosted",,"An Other",,"Doerte Dye","BIN migrated to Monavate 25/2/21 under MCM #67351",19676,546048
"Issuing","Mastercard",20520,526155,"CIS-2018-14577","15603","Spain","EUR-NOK-PLN-SEK-CZK-DKK","MRG - Prepaid MasterCard Card","Consumer Prepaid","Marqeta","255249","Aplazame ","255249","live","Migrated","tbc","20651",,"n/a","0088710","N","N","tbc",,"tbc",,"Aplazame",,"James Miller","BIN migrated to TPL under CIS 2020-13904 15/12/20",20520,526155
"ATM - Acquiring","Mastercard",21116,271100,"CIS-2020-12313 ","58374","France","EUR","ACQ - Acquirer Only","Acquiring Only","Diebold NixDorf",,"Attijariwaffa",,"29/03/2021","Live","31/03/2021","29311",,,"91100",,,,,,,,,"Mark Milsom","Atti going live in early Feb '21.
1/3 Atti likely to be live toward end of March '21
6/ 4 Diebold live date for ATMs to be 26/4 for France.",21116,271100
"ATM - Acquiring","Mastercard",21117,271014,"CIS-2020-12313 ","58377","Belgium","EUR","ACQ - Acquirer Only","Acquiring Only","Diebold NixDorf",,"Attijariwaffa",,"29/03/2021","Live","31/03/2021","28311",,,"91101",,,,,,,,,"Mark Milsom","Atti going live in early Feb '21.
1/3 Atti likely to be live toward end of March '21
17/3 Diebold advise live date to be 29/3
31/3 First ATM live in Belgium",21117,271014
"ATM - Acquiring","Visa",,481073,"305518809",,"Belgium","EUR","ACQ - Acquirer Only","Acquiring Only","Diebold NixDorf",,"Attijariwaffa",,"14/09/2020","Live","31/03/2021","7291","104982 / 104983","481073",,,,,,,,,,"Mark Milsom","Atti going live in early Feb '21.
1/3 LO advised BINs now live on VISAnet. DN advise Atti likely to be live on 29/3
31/3 First ATM live in Belgium",,481073
"ATM - Acquiring","Visa",,481074,"305518809",,"France","EUR","ACQ - Acquirer Only","Acquiring Only","Diebold NixDorf",,"Attijariwaffa",,"14/09/2020","Live","31/03/2021","7291","104981 / 104984","481074",,,,,,,,,,"Mark Milsom","Atti going live in early Feb '21.
1/3 LO advised BINs now live on VISAnet. DN advise Atti likely to be live on 29/3
6/ 4 Diebold live date for ATMs to be 26/4 for France.
",,481074
"ATM - Acquiring","Mastercard",20045,270379,"CIS-2019-13737","38623","Malta","EUR","ACQ - Acquirer Only","Acquiring Only","Chipcard","208395","Bancomat",,"27/12/2019","Live","tbc","20257",,"200257","0075616","n/a","n/a","n/a",,"Hosted",,"Bancomat",,"James Miller","BIN to be terminated or migrated. Nick D has advised that 6 months extension agreed during which time Bancomat to migrate.
15/11 810 BIN bloking form submitted to MC. Once actioned. Form 419 ICA delete to follow.",20045,270379
"ATM - Acquiring","Mastercard",21578,270288,"CIS-2019-13737","35480","United Kingdom","GBP","ACQ - Acquirer Only","Acquiring Only","Chipcard","208395","Bancomat",,"27/12/2019","Live","tbc","20257",,"200257","0075616","n/a","n/a","n/a",,"Hosted",,"Bancomat",,"James Miller","BIN to be terminated or migrated. Nick D has advised that 6 months extension agreed during which time Bancomat to migrate
15/11 810 BIN bloking form submitted to MC. Once actioned. Form 419 ICA delete to follow.",21578,270288
"ATM - Acquiring","Mastercard",21445,270429,"CIS-2019-13737","38620","Spain","EUR","ACQ - Acquirer Only","Acquiring Only","Chipcard","208395","Bancomat",,"27/12/2019","Live","tbc","20257",,"200257","0075616","n/a","n/a","n/a",,"Hosted",,"Bancomat",,"James Miller","BIN to be terminated or migrated. Nick D has advised that 6 months extension agreed during which time Bancomat to migrate
15/11 810 BIN bloking form submitted to MC. Once actioned. Form 419 ICA delete to follow.",21445,270429
"ATM - Acquiring","UPI",,40830724,"tbc",,"Spain","tbc","ACQ - Acquirer Only","Acquiring Only","Chipcard",,"Bancomat",,"tbc","Unused","tbc",,,"tbc","tbc","n/a","n/a","n/a",,"tbc",,"Bancomat",,"James Miller","BIN to be terminated or migrated. Nick D has advised that 6 months extension agreed during which time Bancomat to migrate.
4/3 UPI advise that these BIN/IINs never went into production. Status marked as unused.",,40830724
"ATM - Acquiring","UPI",,40830352,"tbc",,"Iceland","tbc","ACQ - Acquirer Only","Acquiring Only","Chipcard",,"Bancomat",,"tbc","Unused","tbc",,,"tbc","tbc","n/a","n/a","n/a",,"tbc",,"Bancomat",,"James Miller","BIN to be terminated or migrated. Nick D has advised that 6 months extension agreed during which time Bancomat to migrate.
4/3 UPI advise that these BIN/IINs never went into production. Status marked as unused.",,40830352
"ATM - Acquiring","UPI",,40830470,"tbc",,"Malta","tbc","ACQ - Acquirer Only","Acquiring Only","Chipcard",,"Bancomat",,"tbc","Unused","tbc",,,"tbc","tbc","n/a","n/a","n/a",,"tbc",,"Bancomat",,"James Miller","BIN to be terminated or migrated. Nick D has advised that 6 months extension agreed during which time Bancomat to migrate.
4/3 UPI advise that these BIN/IINs never went into production. Status marked as unused.",,40830470
"ATM - Acquiring","UPI",,40830826,"tbc",,"UK","tbc","ACQ - Acquirer Only","Acquiring Only","Chipcard",,"Bancomat",,"tbc","Unused","tbc",,,"tbc","tbc","n/a","n/a","n/a",,"tbc",,"Bancomat",,"James Miller","BIN to be terminated or migrated. Nick D has advised that 6 months extension agreed during which time Bancomat to migrate.
4/3 UPI advise that these BIN/IINs never went into production. Live status marked as unused.",,40830826
"ATM - Acquiring","Visa",,487169,"PUK009462019 ",,"Netherlands","EUR","ACQ - Acquirer Only","Acquiring Only","Chipcard","10056443","Bancomat",,"tbc","Live","tbc","8879",,"487170","n/a","n/a","n/a","n/a",,"832932",,"Bancomat",,"James Miller","BIN to be terminated or migrated. Confirmation awaited from Legal / ND on preferred approach.
30/11 Status of project queried with VISA Project Manager. Details awaited.
1/12 DCC approved. Go live letter issued. MPLS VEAS project ongoing",,487169
"ATM - Acquiring","Visa",,487170,"PUK009462019 ",,"United Kingdom","GBP","ACQ - Acquirer Only","Acquiring Only","Chipcard","10056443","Bancomat",,"tbc","Live","tbc","8879",,"487170","n/a","n/a","n/a","n/a",,"832932",,"Bancomat",,"James Miller","BIN to be terminated or migrated. Confirmation awaited from Legal / ND on preferred approach.
30/11 Status of project queried with VISA Project Manager. Details awaited.
1/12 DCC approved. Go live letter issued. MPLS VEAS project ongoing for Chipcard",,487170
"ATM - Acquiring","Mastercard",14121,518194,"n/a",,"United Kingdom","GBP","ACQ - Acquirer Only","Acquiring Only","Vocalink","242211","BankMachine (Cardtronics) - UK",,"?","Live","?","27214",,"n/a","?",,,,,"Hosted","Yes",,,"Doerte Dye","United Kingdom",14121,518194
"ATM - Acquiring","Visa",,470383,"n/a",,"United Kingdom","GBP","ACQ - Acquirer Only","Acquiring Only","Vocalink",,"BankMachine (Cardtronics) - UK",,"?","Live","?","2053",,"n/a",,,,,," ","Yes",,,"Doerte Dye","United Kingdom",,470383
"Issuing","Visa",,435551,"PUK008412019",,"Europe","SEK","Visa Classic. – F","Consumer Prepaid","Enfuce","245478","Bynk",,"15/07/2019","Migrated","tbc","5467",,"435551","tbc","N","N","tbc",,"818743",,"Bynk",,"Catherine Gunaseelan","BIN migrated to TPL 2/11/20",,435551
"Issuing","Visa",,439595,"PUK009512019 ",,"Europe","EUR","Visa Classic. – F","Consumer Prepaid","Yalamanchili",,"CardBlue",,"tbc","Delivery","tbc",,,"tbc","tbc","N","Y",,"Lira-pay",,,"CardBlue",,"Jane Oluwole",,,439595
"Issuing","Visa",,439560,"PUK009512019 ",,"Europe","GBP","Visa Classic. – F","Consumer Prepaid","Yalamanchili",,"CardBlue",,"tbc","Delivery","tbc",,,"tbc","tbc","N","Y",,"Lira-pay",,,"CardBlue",,"Jane Oluwole",,,439560
"ATM - Acquiring","JCB",,152651,"n/a",,"tbc","tbc","ACQ - Acquirer Only","Acquiring Only","Vocalink",,"Cardtronics",,"tbc","Delivery","tbc",,,"n/a",,,,,,,,,,,"17/12 JCB have approached CFE about providing sponsorship for Cardtronics.
18/12 MM querying this existing BIN implmentation with JCB Bin team as not clear whether this live. Having an entry in this file whilst being courted by JCB is inconsistent.
13/7/2",,152651
"ATM - Acquiring","Pulse",,,"n/a",,"tbc","tbc","ACQ - Acquirer Only","Acquiring Only","Vocalink",,"Cardtronics - Omnicash",,"?","Live","01/10/2020",,,"n/a",,,,,,,,,,,"16/12 Cardtronics have confirmed Discover / Pulse is enabled on its Hyosung estate. The enablement is via software changes at the ATM and due to Covid restrictions only a very limited number of these have carried out. Check with VL on live dates. This is ",,
"ATM - Acquiring","UPI",,33220826,"n/a",,"tbc","tbc","ACQ - Acquirer Only","Acquiring Only","Vocalink",,"Cardtronics",,"?","Live","?",,,"n/a",,,,,,,,,,"Doerte Dye","Is this actually live?",,33220826
"ATM - Acquiring","Mastercard",19512,230506,"tbc","39044","United Kingdom","GBP","ACQ - Acquirer Only","Acquiring Only","Vocalink","242211","Cardtronics - Omnicash",,"?","Live","01/10/2020","27214",,,,,,,,,"Yes","Vocalink",,,"16/12 Cardtronics have confirmed Mastercard is enabled on its Hyosung estate. The enablement is via software changes at the ATM and due to Covid restrictions only a very limited number of these have carried out. Check with VL on live dates. This is only O",19512,230506
"ATM - Acquiring","Mastercard",17201,518329,"n/a",,"Ireland","EUR","ACQ - Acquirer Only","Acquiring Only","Vocalink","242211","Cardtronics - Ireland",,"?","Live","?","27214",,"n/a","?",,,,,"Hosted","Yes",,,"Doerte Dye","Ireland",17201,518329
"ATM - Acquiring","Visa",,417180,"n/a",,"Europe","GBP-EUR","ACQ - Acquirer Only","Acquiring Only","Vocalink",,"Cardtronics - Ireland",,"?","Live","?","2053",,"n/a",,,,,,"817395","Yes",,,"Doerte Dye","Ireland",,417180
"ATM - Acquiring","Visa",,417177,"PUK005232017",,"United Kingdom","GBP","ACQ - Acquirer Only","Acquiring Only","Vocalink",,"Cardtronics - UK",,"06/01/2020","Live","?","2053",,"n/a",,,,,,"817395","Yes",,,"Doerte Dye","United Kingdom",,417177
"Acquiring","Visa",,439755,"n/a",,"United Kingdom","MFX-14","Visa Direct","Visa Direct","CashFlows","10067784","CashFlows","10067784","n/a","Live","n/a",,,"n/a","n/a","N","N","n/a",,,,,,,,,439755
"ATM - Acquiring","Discover",,367247,"n/a",,"United Kingdom","tbc","ACQ - Acquirer Only","Acquiring Only","CashFlows",,"CashFlows",,"n/a","Unused","n/a",,,"n/a","n/a","n/a","n/a","n/a",,,,,,,"What is this about? Check Lookpa. Any costs for these BINs?",,367247
"ATM - Acquiring","UPI",,,"n/a",,"United Kingdom","GBP","ACQ - Acquirer Only","Acquiring Only","CashFlows","8260303043","CashFlows","8260303043","tbc","Unused","tbc",,,"8260303043","n/a","n/a","n/a","n/a",,"n/a",,,,,"CashFlows UPI BID. Put in place to advance project set-up?
24/11 UPI advise this is not an IIN that belongs to UPI. Will need to check whether further information available",,
"Issuing","Visa",,459651,"n/a",,"United Kingdom","MFX-14","n/a","n/a","FIS",,"CashFlows","10067784","n/a","Closed","n/a",,,"n/a","n/a","N","N","n/a",,"815298",,,,,"Payr Reloaded",,459651
"Issuing","Visa",,476247,"n/a",,"United Kingdom","tbc","n/a","n/a","FIS",,"CashFlows","10067784","tbc","On Hold","tbc",,,"n/a","n/a","N","N","n/a",,"815298",,,,,"Delete request being raised 17/2/21",,476247
"ATM - Acquiring","UPI",,33220826,"n/a",,"United Kingdom","tbc","ACQ - Acquirer Only","Acquiring Only","Vocalink",,"DC Payments (Cardtronics)",,"?","Live","?",,,"n/a",,,,,,,,,,"Doerte Dye","16/12/21 UPI advised that DCP support was present prior to CTUK acquiring the DCP business. This BIN is live although no dates available. Best guess would be 2016.",,33220826
"ATM - Acquiring","Mastercard",14745,534535,"n/a",,"United Kingdom","GBP","ACQ - Acquirer Only","Acquiring Only","Vocalink","242211","DC Payments / Infocash (Cardtronics) - UK",,"?","Live","?","22214",,"n/a","?",,,,,"Hosted",,,,"Doerte Dye","United Kingdom
DCP ATMs driven by VL.",14745,534535
"ATM - Acquiring","Visa",,438305,"n/a",,"United Kingdom","GBP","ACQ - Acquirer Only","Acquiring Only","Vocalink",,"DC Payments / Infocash (Cardtronics) - UK",,"?","Live","?","2053",,"n/a",,,,,,"817395",,,,"Doerte Dye","United Kingdom
DCP ATMs driven by VL.",,438305
"Issuing","Visa",,487136,"PUK009032019",,"Europe","EUR","Visa Classic. – F","Consumer Prepaid","i2c",,"DCR",,"24/02/2020","On Hold","tbc",,,"tbc","tbc","N","N","n/a",,,,"DCR",,"Jane Oluwole","BIN delete requested under ref #705549762, ETA 1/6/21",,487136
"Issuing","Visa",,487137,"PUK009032019",,"Europe","EUR","Visa Bus. – G","Commercial Prepaid","i2c",,"DCR",,"tbc","Closed","tbc",,,"tbc","tbc","N","N","n/a",,,,"DCR",,"Jane Oluwole","BIN deleted under ref #705549762, 15/12/20",,487137
"Issuing","Mastercard",19572,530542,"n/a",,"United Kingdom","tbc","MRG - Prepaid MasterCard Card","Consumer Prepaid","Diebold NixDorf","239625","Diebold NixDorf","228364","tbc","Closed","tbc",,,"tbc","tbc","N","N","tbc",,"tbc",,"Diebold NixDorf ",,"Doerte Dye","BIN deleted under MCM #61312 13/10/20",19572,530542
"Issuing","Visa",,476245,"n/a",,"United Kingdom","tbc","tbc","tbc","Diebold NixDorf",,"Diebold NixDorf",,"tbc","Closed","tbc",,,"tbc","tbc","N","N","tbc",,"tbc",,"Diebold NixDorf ",,"Doerte Dye","Never live",,476245
"ATM - Acquiring","Mastercard",19572,230536,"CIS-2019-15050","38128","Netherlands","EUR","ACQ - Acquirer Only","Acquiring Only","Diebold NixDorf","228364","Diebold NixDorf -Volksbank","228364","17/11/2020","Live","10/03/2021",,,"19572","tbc","n/a","n/a","n/a",,"tbc",,"Diebold NixDorf ",,"James Miller","28/1 DN expect to pilot mid Feb '21
5/3 DN pilot more likely end Mar '21 now
10/3 DN conducted first live transactions 10th March",19572,230536
"ATM - Acquiring","Visa",,416576,"PUK005752018",,"Netherlands","EUR","ACQ - Acquirer Only","Acquiring Only","Diebold NixDorf",,"Diebold NixDorf -Volksbank",,"tbc","Live","10/03/2021","4897","488311 / 488312","476246","tbc","n/a","n/a","n/a",,"tbc",,"Diebold NixDorf ",,"Mark Milsom","25/11 United Kingdom stated as registration country but Information in dropbox indcates this is set-up for Netherlands usage now. Amended BIN table to reflect the change to Netherlands. 
28/1 DN expect to pilot mid Feb '21
10/3 DN conducted first live tra",,416576
"ATM - Acquiring","Visa",,456952,"PUK006892018",,"Europe","GBP-EUR","ACQ - Acquirer Only","Acquiring Only","Euronet","10039429","EasyCash - Ireland",,"30/01/2019","Live","30/01/2019","2773",,"n/a","tbc","n/a","n/a","n/a",,"?","Yes","Euronet",,"James Miller","Migrated from VocalLink",,456952
"Acquiring","Mastercard",13908,526937,"n/a",,"United Kingdom","MFX-14","ACQ - Acquirer Only","Acquiring Only","CashFlows","184582","eComm Acquiring","184582","n/a","Live","n/a",,,"n/a","n/a","n/a","n/a","n/a",,"Hosted",,,,,"eComm Acquiring",13908,526937
"Acquiring","Visa",,450187,"n/a",,"United Kingdom","MFX-14","ACQ - Acquirer Only","Acquiring Only","CashFlows","10067784","eComm Acquiring","10067784","n/a","Live","n/a",,,"n/a","n/a","n/a","n/a","n/a",,"815298",,,,,,,450187
"Issuing","Mastercard",21625,550123,"CIS-2019-14250 ","36556","United Kingdom","GBP","MRG - Prepaid MasterCard Card","Consumer Prepaid","Enfuce","245478","Enfuce - MaaS","245478","tbc","Migrated","tbc","21522",,"200522","tbc","N","N","tbc",,"tbc",,"Enfuce",,"Catherine Gunaseelan","BIN migrated to TPL under CIS 2020-15194, 29/1/21",21625,550123
"Issuing","Mastercard",21626,516134,"CIS-2019-14250 ","41208","Netherlands","EUR","MRG - Prepaid MasterCard Card","Consumer Prepaid","Enfuce","245478","Enfuce - MaaS","245478","tbc","Migrated","tbc","21522",,"200522","tbc","N","N","tbc",,"tbc",,"Enfuce",,"Catherine Gunaseelan","BIN migrated to TPL under CIS 2020-15194, 29/1/21",21626,516134
"ATM - Acquiring","Visa",,416591,"n/a",,"Europe","GBP-EUR-USD-CHF-DKK-NOK-SEK","ACQ - Acquirer Only","Acquiring Only","Fintrax",,"Fintrax - Czech",,"n/a","Closed","n/a",,,"n/a","n/a","n/a","n/a","n/a",,"n/a",,"Fintrax",,"Doerte Dye","Czech Republic
",,416591
"ATM - Acquiring","Mastercard",19513,230507,"CIS-2017-13613",,"tbc","GBP-EUR-USD-CHF-DKK-NOK-SEK","ACQ - Acquirer Only","Acquiring Only","Fintrax",,"Fintrax - Czech",,"n/a","Unused","n/a",,,"n/a","n/a","n/a","n/a","n/a",,"n/a",,"Fintrax",,"Doerte Dye","Czech Republic.
23/2 No evidence of ICA on MC Connect. Further work to establish that this ICA is closed.",19513,230507
"ATM - Acquiring","Visa",,416591,"n/a",,"Europe","GBP-EUR-USD-CHF-DKK-NOK-SEK","ACQ - Acquirer Only","Acquiring Only","Fintrax",,"Fintrax - Hungary",,"n/a","Closed","n/a",,,"n/a","n/a","n/a","n/a","n/a",,"n/a",,"Fintrax",,"Doerte Dye","Hungary. ",,416591
"ATM - Acquiring","Mastercard",17202,518350,"CIS-2017-13613",,"Luxembourg","GBP-EUR-USD-CHF-DKK-NOK-SEK","ACQ - Acquirer Only","Acquiring Only","Fintrax",,"Fintrax - Hungary",,"n/a","Closed","n/a",,,"n/a","n/a","n/a","n/a","n/a",,"n/a",,"Fintrax",,"Doerte Dye","2/11 Closure project raised. CIS-2020-08170. Form 810 submitted.
23/11 MC IM advises closure will be invoked on 3/12/20.
6/1 MC IM advises closure successful but that needs deletion in secure code as well. MC process needs to be followed.
1/2/21 MM awaiti",17202,518350
"ATM - Acquiring","Visa",,416591,"n/a",,"Europe","GBP-EUR-USD-CHF-DKK-NOK-SEK","ACQ - Acquirer Only","Acquiring Only","Fintrax",,"Fintrax - Slovakia",,"n/a","Closed","n/a",,,"n/a","n/a","n/a","n/a","n/a",,"n/a",,"Fintrax",,"Doerte Dye","Slovakia. ",,416591
"ATM - Acquiring","Mastercard",17198,518228,"CIS-2017-13613",,"Belgium","GBP-EUR-USD-CHF-DKK-NOK-SEK","ACQ - Acquirer Only","Acquiring Only","Fintrax",,"Fintrax - Slovakia",,"n/a","Unused","n/a",,,"n/a","n/a","n/a","n/a","n/a",,"n/a",,"Fintrax",,"Doerte Dye","Slovakia.
23/2 ICA on MC. Costs being incurred according to Settlement. Need to close this down.
18/3 MM requested information from Finance to support business case for costs of closing ICA down.",17198,518228
"Issuing","Mastercard",20156,537568,"CIS-2018-06372",,"United Kingdom","GBP","MPG - Prepaid MasterCard General Spend Card","Consumer Prepaid","GPS","184220","Fundstar","253053","27/07/2018","Closed","08/03/2019","20293",,"12181","0081062","N","N","RPP-26725",,"Hosted - direct",,"Fundstar",,"James Miller","Also known as 'Future Proof Ent.'
3/12 BIN closure initiated via Project CIS-2020-08170. BIN closed 15/2/21",20156,537568
"Issuing","Mastercard",,516758,"CIS-2019-16737 ","38722","Netherlands","EUR","MPG - Prepaid MasterCard General Spend Card","Consumer Prepaid","GPS","184220","GBXP",,"tbc","Migrated","tbc","20293",,"12181","0081062","N","Y","tbc",,,,"GBXP",,"Jane Oluwole","BIN migrated to Monavate under CIS 2020-15091, 17/11/20",,516758
"Issuing","Mastercard",,516742,"CIS-2019-16737 ","38720","United Kingdom","GBP","MPG - Prepaid MasterCard General Spend Card","Consumer Prepaid","GPS","184220","GBXP",,"tbc","Migrated","tbc","20293",,"12181","0081062","N","Y","tbc",,,,"GBXP",,"Jane Oluwole","BIN migrated to Monavate under CIS 2020-15091, 17/11/20",,516742
"ATM - Acquiring","Mastercard",21579,270259,"CIS-2019-14445","35493","Netherlands","EUR","ACQ - Acquirer Only","Acquiring Only","BPC",,"GCP",,"31/12/2019","Live","tbc",,,"n/a","tbc",,,,,"tbc",,"GCP",,"Onick Rahman","Product go live end of '20 possibly",21579,270259
"ATM - Acquiring","Mastercard",21580,270140,"CIS-2019-14445","35495","Greece","EUR","ACQ - Acquirer Only","Acquiring Only","BPC",,"GCP",,"31/12/2019","Live","tbc",,,"n/a","tbc",,,,,"tbc",,"GCP",,"Onick Rahman","Product go live end of '20 possibly",21580,270140
"ATM - Acquiring","Visa",,487168,"PUK009472019",,"Netherlands, Greece","EUR","ACQ - Acquirer Only","Acquiring Only","BPC","10076328","GCP",,"04/12/2019","Live","tbc","9057",,"n/a","tbc",,,,,,,"GCP",,"Onick Rahman","Product go live end of '20 possibly",,487168
"ATM - Acquiring","Visa",,434828,"PUK008242019",,"United Kingdom","GBP","ACQ - Acquirer Only","Acquiring Only","Guavapay","10079090","Guavapay - UK","10079090","tbc","Delivery","tbc","4259",,"n/a","n/a","n/a","n/a","n/a",,"746115",,"Guavapay",,"James Miller","also used for POS/Ecom. Check if live and not transacting. May have migrated",,434828
"ATM - Acquiring","Visa",,434751,"PUK008242019",,"United Kingdom","GBP","ACQ - Acquirer Only","Acquiring Only","Guavapay","10079090","Guavapay - UK","10079090","tbc","Delivery","tbc","4259",,"n/a","n/a","n/a","n/a","n/a",,"746115",,"Guavapay",,"James Miller","also used for POS/Ecom. Check if live and not transacting. May have migrated",,434751
"Issuing","Mastercard",20473,537569,"CIS-2018-12752","12903","United Kingdom","GBP","MPG - Prepaid MasterCard General Spend Card","Consumer Prepaid","CARTA","175049","HyperJar","255134","02/01/2019","Migrated","08/03/2019","20261",,"n/a","0005822","Y","Y","RPP-32037",,"Hosted - direct",,"HyperJar",,"James Miller","BIN migrated to Monavate under CIS 2020-15091, 16/12/20",20473,537569
"ATM - Acquiring","Mastercard",17204,518373,"CIS-2017-13609 ",,"Spain","GBP-EUR-USD-CHF-DKK-NOK-SEK","ACQ - Acquirer Only","Acquiring Only","Evry","251173","IN2ATM - Ireland","252397","09/04/2018","Closed","16/04/2018","47036",,"200036","0086683","n/a","n/a","n/a",,"Hosted",,"IN2ATM",,"Doerte Dye","Ireland - Old Cardtronics ICA
4/12 Form 419 submitted to MC for removal of ICA from licencing system",17204,518373
"ATM - Acquiring","Visa",,416580,"n/a",,"Europe","GBP-EUR-USD-CHF-DKK-NOK-SEK","ACQ - Acquirer Only","Acquiring Only","Evry",,"IN2ATM - Ireland",,"09/04/2018","Closed","16/04/2018",,,"n/a",,"n/a","n/a","n/a",,"815298",,"IN2ATM",,"Doerte Dye","14/6 VISA BIN to be migrated as part of Vocalink project for the Post Office. Changes required to PCR and currency. BIN to become GBP only. PUK305528061. Changes to the BIN invoked on 27th August. Closed for IN2ATM purposes from 27th August",,416580
"ATM - Acquiring","Mastercard",17203,518369,"CIS-2017-13609 ",,"Netherlands","GBP-EUR-USD-CHF-DKK-NOK-SEK","ACQ - Acquirer Only","Acquiring Only","Evry","251173","IN2ATM - Netherlands","252397","tbc","Closed","tbc","47036",,"200036","0086683","n/a","n/a","n/a",,"Hosted",,"IN2ATM",,"Doerte Dye","Netherlands - Old Cardtronics ICA (Spain)
4/12 Form 419 submitted to MC for removal of ICA from licencing system",17203,518369
"ATM - Acquiring","Visa",,434767,"n/a",,"Europe","GBP-EUR-USD-CHF-DKK-NOK-SEK","ACQ - Acquirer Only","Acquiring Only","Evry",,"IN2ATM - Netherlands",,"tbc","On Hold","tbc",,,"n/a",,"n/a","n/a","n/a",,"815298",,"IN2ATM",,"Doerte Dye","Uses CashFlows RID. Is this closed also? Check with KE",,434767
"Issuing","Visa",,434932,"PUK005992018",,"United Kingdom","MFX-14","Visa Bus. – G","Commercial Prepaid","GPS",,"Intercash","10078771","20/11/2018","Migrated","27/02/2019","2391",,"476370","n/a","N","N","n/a",,"815298",,"Intercash",,"James Miller","BIN migrated to Railsbank 11/11/20",,434932
"Issuing","Visa",,434933,"PUK005992018",,"Europe","MFX-14","Visa Classic. – F","Consumer Prepaid","GPS",,"Intercash","10078771","20/11/2018","Migrated","27/02/2019","2391",,"476370","n/a","N","N","n/a",,"815298",,"Intercash",,"James Miller","BIN migrated to Railsbank 11/11/20",,434933
"Issuing","Mastercard",20433,516941,"CIS-2018-12751","11908","United Kingdom","GBP-EUR-USD","MBP - Mastercard Corporate Prepaid","Commercial Prepaid","Paymentology","249093","Limtz","257016","28/03/2019","Live","23/04/2019","200543",,"n/a","0072984","N","N","RPP-32016","Equiti Capital UK Limited; Credit Financier Invest (CFI) Ltd; Future FX; Bluebelt OU Estonia; Limtz","Hosted - via processor",,"Limtz",,"Barry Thirkell","Previously 'QubeCard'",20433,516941
"Issuing","Mastercard",20433,537566,"CIS-2018-12751","11908","United Kingdom","GBP-EUR-USD","MRW - Prepaid MasterCard BusinessCard Card","Commercial Prepaid","Paymentology","249093","Limtz","257016","28/03/2019","Live","23/04/2019","200543",,"n/a","0072984","N","N","RPP-31989","Equiti Capital UK Limited; Credit Financier Invest (CFI) Ltd; Future FX; Bluebelt OU Estonia; Limtz","Hosted - via processor",,"Limtz",,"Barry Thirkell","Previously 'QubeCard'",20433,537566
"ATM - Acquiring","Mastercard",23374,270812,"CIS-2020-07818 ","52478","France","EUR","ACQ - Acquirer Only","Acquiring Only","HPS",,"Loomis",,"11/11/2020","Live","11/12/2020",,,,,,,,,,,,,"Catherine Gunaseelan","11/12 Difficulties with MC set-up prevented successful transactions. Finally resolved on 11/12
Mastercard DCC Project CIS-2022-01510",23374,270812
"ATM - Acquiring","Mastercard",23375,270924,"CIS-2020-07818 ","52481","Belgium","EUR","ACQ - Acquirer Only","Acquiring Only","HPS",,"Loomis",,"11/11/2020","Live","20/09/2021",,,,,,,,,,,,,"Catherine Gunaseelan","20/9 First Belgian ATM live
Mastercard DCC Project CIS-2022-01510",23375,270924
"ATM - Acquiring","Visa",,463399,"305516862",,"France","EUR","ACQ - Acquirer Only","Acquiring Only","HPS",,"Loomis",,"14/09/20","Live"," ","8311",,,,,,,,,,,,"Catherine Gunaseelan","VISA DCC Project Number305535130",,463399
"ATM - Acquiring","Visa",,480998,"305516862",,"Belgium","EUR","ACQ - Acquirer Only","Acquiring Only","HPS",,"Loomis",,"14/09/20","Live","20/09/2021","8311",,,,,,,,,,,,"Catherine Gunaseelan","20/9 First Belgian ATM live
VISA DCC Project Number305535130",,480998
"Issuing","Mastercard",20916,535739,"CIS-2019-04147","22243","Netherlands","MFX-14","MBP - Mastercard Corporate Prepaid","Commercial Prepaid","Paymentology","249093","Manigo","257388","10/09/2019","Migrated","tbc","200543",,"n/a","0072984","N","N","RPP-33058","COG - Currency Online Group","tbc",,"Manigo",,"James Miller","BIN migrated to Monavate under CIS 2020-15926 11/1/21",20916,535739
"Issuing","Mastercard",20916,535816,"CIS-2019-04147","22246","Netherlands","MFX-14","MPG - Prepaid MasterCard General Spend Card","Consumer Prepaid","Paymentology","249093","Manigo","257388","10/09/2019","Migrated","tbc","200543",,"n/a","0072984","N","N","RPP-33057","COG - Currency Online Group","tbc",,"Manigo",,"James Miller","BIN migrated to Monavate under CIS 2020-15926 11/1/21",20916,535816
"Issuing","Visa",,434905,"PUK006222018",,"Europe","MFX-20","Visa Bus. – G","Commercial Prepaid","Marqeta","10074918","Marqeta","10074918","04/10/2018","On Hold","31/05/2019","4940",,"434905","n/a","N","N","n/a",,"818571",,"Marqeta",,"Doerte Dye","BIN delete requested under ref #705549455, ETA 4/5/21",,434905
"Issuing","Visa",,434929,"PUK006222018",,"United Kingdom","MFX-20","Visa Bus. – G","Commercial Prepaid","Marqeta","10074918","Marqeta","10074918","04/10/2018","Closed","31/05/2019","4940",,"434905","n/a","N","N","n/a",,"818571",,"Marqeta",,"Doerte Dye","BIN deleted 3/12/20",,434929
"Issuing","Visa",,456981,"PUK006572018",,"United Kingdom","MFX-20","Visa Bus. – G","Commercial Prepaid","Marqeta","10074918","Marqeta","10074918","15/04/2019","Migrated","tbc","4940",,"434905","n/a","N","N","n/a",,"818571",,"Marqeta",,"Doerte Dye","BIN migrated to  TPL 24/11/20",,456981
"Issuing","Visa",,478519,"PUK006572018",,"Europe","MFX-20","Visa credit - B2B travel","Commercial Prepaid","Marqeta","10074918","Marqeta","10074918","20/11/2018","Closed","tbc","4940",,"434905","n/a","N","N","n/a",,"818571",,"Marqeta",,"Doerte Dye","BIN deleted 3/12/20",,478519
"Issuing","Visa",,478520,"PUK006572018",,"United Kingdom","MFX-20","Visa credit - B2B travel","Commercial Prepaid","Marqeta","10074918","Marqeta","10074918","20/11/2018","Closed","tbc","4940",,"434905","n/a","N","N","n/a",,"818571",,"Marqeta",,"Doerte Dye","BIN deleted 3/12/20",,478520
"Issuing","Mastercard",20841,527719,"CIS-2019-14251","37186","France","EUR","MRW - Prepaid MasterCard BusinessCard Card","Commercial Prepaid","Marqeta","255249","Marqeta (Uber Eats)",,"30/12/2019","Closed","tbc","20651",,"tbc","0088710","N","N","tbc",,"tbc",,"Marqeta",,,"Endpoint moved to Marqeta under CIS 2020-13943 15/12
BIN delete requested under CIS 2020-17072, 17/2/21",20841,527719
"Issuing","Mastercard",21599,527580,"CIS-2019-14251","36350","United Kingdom","GBP","MRG - Prepaid MasterCard Card","Consumer Prepaid","Marqeta","255249","Marqeta Rapid Deployment",,"30/12/2019","Closed","tbc","20651",,"tbc","0088710","N","N","tbc",,,,"Marqeta",,,"3/12 BIN closure initiated via Project CIS-2020-08170. Deleted 15/2/21",21599,527580
"Issuing","Mastercard",20840,535957,"CIS-2019-14251","37184","Spain","EUR","MRG - Prepaid MasterCard Card","Consumer Prepaid","Marqeta","255249","Marqeta Rapid Deployment ",,"30/12/2019","Closed","tbc","20651",,"tbc","0088710","N","N","tbc",,"tbc",,"Marqeta",,,"3/12 BIN closure initiated via Project CIS-2020-08170. Deleted 15/2/21",20840,535957
"Issuing","Visa",,459652,"n/a",,"tbc","MFX-14","n/a","n/a","GPS",,"Mayzus","10072949","?","Closed","tbc","20293",,"476370","n/a","Y","N","n/a",,"?",,"Mayzus",,"Doerte Dye","BIN deleted 26/1/21",,459652
"Issuing","Mastercard",14129,521962,"n/a",,"United Kingdom","EUR","SUR - Prepaid MasterCard Unembossed ","Consumer Prepaid","FIS","165956","Mayzus",,"tbc","On Hold","tbc",,,"n/a","n/a","Y","Y","n/a",,"n/a",,,,"Doerte Dye","BIN delete requested under CIS 2020-15138, date TBA",14129,521962
"Issuing","Visa",,476382,"n/a",,"United Kingdom","MFX-14","n/a","n/a","FIS",,"Mayzus","10072949","tbc","Closed","n/a",,,"n/a","n/a","N","N","n/a",,"?",,"Mayzus",,"Doerte Dye","BIN deleted 28/11/20",,476382
"Issuing","Mastercard",20757,516942,"CIS-2019-01013","18798","United Kingdom","tbc","MBP - Mastercard Corporate Prepaid","Commercial Prepaid","Compass Plus","246004","Moneybase",,"tbc","Closed","tbc","20530",,"18384","0072982","Y","Y","tbc",,"Hosted",,"Moneybase",,"James Miller","BIN deleted 11/11",20757,516942
"Issuing","Mastercard",20757,537564,"CIS-2019-01013","18801","United Kingdom","tbc","MPG - Prepaid MasterCard General Spend Card","Consumer Prepaid","Compass Plus","246004","Moneybase",,"14/04/2020","Closed","tbc","20530",,"18384","0072982","Y","Y","tbc",,"Hosted",,"Moneybase",,"James Miller","BIN deleted raised under CIS 2020-15338, deleted 10/3",20757,537564
"Issuing","Mastercard",20930,535804,"CIS-2019-10275","31314","Europe","tbc","MPG - Prepaid MasterCard General Spend Card","Consumer Prepaid","Compass Plus","10078333","Moneybase",,"14/04/2020","Migrated","tbc",,,"tbc","tbc","tbc","tbc","tbc",,"Hosted",,"Moneybase",,"James Miller","BIN migrated to Moorwand under CIS 2020-15199, 2/2/21",20930,535804
"Issuing","Mastercard",20930,535752,"CIS-2019-10275","31317","Europe","tbc","MBP - Mastercard Corporate Prepaid","Commercial Prepaid","Compass Plus","10078333","Moneybase",,"tbc","Migrated","tbc",,,"tbc","tbc","tbc","tbc","tbc",,"Hosted",,"Moneybase",,"James Miller","BIN migrated to Moorwand under CIS 2020-15199, 2/2/21",20930,535752
"ATM - Acquiring","UPI",,33220826,"n/a",,"tbc","tbc","ACQ - Acquirer Only","Acquiring Only","Vocalink",,"MoneyCorp",,"?","Live","?",,,"n/a",,,,,,,,,,"Doerte Dye","16/12/21 Similar to DCP. UPI is supported via Vocalink GW. No live dates available. Best guess would be 2016.",,33220826
"ATM - Acquiring","Mastercard",13456,531696,"n/a",,"United Kingdom","GBP-EUR-USD","ACQ - Acquirer Only","Acquiring Only","Vocalink","242211","MoneyCorp - UK",,"?","Live","?","26214",,"n/a","?",,,,,"Hosted","Yes",,,"Doerte Dye","United Kingdom",13456,531696
"ATM - Acquiring","Visa",,403175,"n/a",,"United Kingdom","GBP-EUR-USD","ACQ - Acquirer Only","Acquiring Only","Vocalink",,"MoneyCorp - UK",,"?","Live","?","2053",,"n/a",,,,,,"817395","Yes",,,"Doerte Dye","United Kingdom",,403175
"Issuing","Mastercard",20319,537557,"CIS-2018-09393","11209","United Kingdom","MFX-14","MPG - Prepaid MasterCard General Spend Card","Consumer Prepaid","Decta","249378","More2Save","254794","08/02/2019","Delivery","tbc","20429",,"n/a","0078294","N","N","RPP-31871","Jubii; All In One; One World; Aqua; Pandora; Qivos; Links of London; Follie Follie; Bancore; Monny.me; Ikea; Jubii","Pro - via processor",,"More2Save",,"Onick Rahman","Dedicated for Nitecrest production",20319,537557
"Issuing","Mastercard",20319,537570,"CIS-2018-09393","11212","United Kingdom","MFX-14","MPG - Prepaid MasterCard General Spend Card","Consumer Prepaid","Decta","249378","More2Save","254794","08/02/2019","Delivery","tbc","20429",,"n/a","0078294","N","N","RPP-31871","Jubii; All In One; One World; Aqua; Pandora; Qivos; Links of London; Follie Follie; Bancore; Monny.me; Ikea; Jubii","Pro - via processor",,"More2Save",,"Onick Rahman","Dedicated for Evry production",20319,537570
"Issuing","Visa",,463332,,,"Sweden","SEK","Visa Business Prepaid ","Commercial Prepaid","Enfuce",,"Mynt",,"tbc","Migrated","tbc",,,"tbc","tbc",,,,,,,,,"Catherine Gunaseelan","BIN migrated to TPL 16/10/20",,463332
"Issuing","Mastercard",13747,528394,"n/a",,"United Kingdom","EUR","MRG - Prepaid MasterCard Card","Consumer Prepaid","FIS","165956","n/a",,"tbc","Closed","tbc",,,"n/a","n/a","N","N","n/a",,"n/a",,,,"Doerte Dye",,13747,528394
"ATM - Acquiring","Mastercard",23328,270790,"CIS-2020-02009","48895","Austria","EUR","ACQ - Acquirer Only","Acquiring Only","Notemachine/vocalink",,"Notemachine",,"01/06/2020","Live",,,,,,,,,,,,"Notemachine",,"Catherine Gunaseelan",,23328,270790
"ATM - Acquiring","Mastercard",23268,270559,"CIS-2020-02009",,"Ireland ","EUR","ACQ - Acquirer Only","Acquiring Only","Notemachine/vocalink",,"Notemachine",,"01/06/2020","Live",,,,,,,,,,,,"Notemachine",,"Catherine Gunaseelan",,23268,270559
"ATM - Acquiring","Mastercard",23267,270459,"CIS-2020-02009",,"Netherlands","EUR","ACQ - Acquirer Only","Acquiring Only","Notemachine/vocalink",,"Notemachine",,"01/06/2020","Live",,,,,,,,,,,,"Notemachine",,"Catherine Gunaseelan",,23267,270459
"ATM - Acquiring","Pulse",,,"n/a",,"tbc","tbc","ACQ - Acquirer Only","Acquiring Only","Vocalink",,"NoteMachine",,"?","Live","?","2053",,"n/a",,,,,,,,,,,"Confirm status",,
"ATM - Acquiring","UPI",,33220826,"n/a",,"tbc","tbc","ACQ - Acquirer Only","Acquiring Only","Vocalink",,"NoteMachine",,"?","On Hold","?",,,"n/a",,,,,,,,,,"Doerte Dye","12/2 VL confirmed NoteMachine not using their service.",,33220826
"ATM - Acquiring","Mastercard",14225,522678,"n/a",,"United Kingdom","GBP","ACQ - Acquirer Only","Acquiring Only","Vocalink","242211","NoteMachine (TRM) - UK","253625","?","Closed","?",,,"n/a","?",,,,,"Hosted",,,,"Doerte Dye","United Kingdom. Closure project raised. CIS-2020-13853
16/11 CG submitted 810 form to MC IM
24/11 MC IM advised that best to transfer the scope of this closure to existing project for CIS-2020-08170. This will reduce cost to single one off fee of €3500. M",14225,522678
"Issuing","Mastercard",20758,530764,"CIS-2019-14566","19258","Germany","EUR","MCO - MasterCard Standard Corporate Credit ","Commercial Credit","Marqeta","255249","Nufin","255249","31/03/2020","Migrated","tbc","20651",,"n/a","0088710","Y","Y","tbc",,"tbc",,"Nufin","stephan@nufin.de","Catherine Gunaseelan","BIN migrated to TPL under CIS 2020-13753, 8/12/20",20758,530764
"Issuing","Visa",,,"PUK006812018",,"United Kingdom","USD","Visa Classic. – F","Consumer Prepaid","GPS",,"Onvoy","10078446","?","Closed","15/02/2019","2391",,"476370","n/a","N","N","n/a",,"?",,"Onvoy",,"James Miller","Deleted 4/8/20",,
"Issuing","Visa",,,"PUK006812018",,"United Kingdom","EUR","Visa Classic. – F","Consumer Prepaid","GPS",,"Onvoy","10078446","?","Closed","15/02/2019","2391",,"476370","n/a","N","N","n/a",,"?",,"Onvoy",,"James Miller","Deleted 4/8/20",,
"Issuing","Visa",,,"PUK006812018",,"United Kingdom","GBP","Visa Classic. – F","Consumer Prepaid","GPS",,"Onvoy","10078446","?","Closed","15/02/2019","2391",,"476370","n/a","N","N","n/a",,"?",,"Onvoy",,"James Miller","Deleted 4/8/20",,
"Issuing","Visa",,456979,"PUK006572018",,"Europe","MFX-20","Visa Bus. – G","Commercial Prepaid","Marqeta","10074918","Parity","10074918","15/04/2019","On Hold","tbc","4940",,"434905","n/a","N","N","n/a",,"818571",,"Parity",,"James Miller","BIN migration to Railsbank initiated, but placed on Hold while commercial issues being resolved",,456979
"ATM - Acquiring","Mastercard",20155,230697,"CIS-2018-06375",,"United Kingdom","GBP","ACQ - Acquirer Only","Acquiring Only","PayCorp","246369","PayCorp - UK (COTM)","246369","09/08/2018","Live","26/08/2019","20442",,"n/a","0072743","n/a","n/a","n/a",,"Hosted","Yes","PayCorp",,"James Miller","United Kingdom",20155,230697
"ATM - Acquiring","Visa",,434859,"PUK006102018",,"United Kingdom","GBP-EUR","ACQ - Acquirer Only","Acquiring Only","PayCorp",,"PayCorp - UK (COTM) / Slovakia (ATM Point)",,"11/07/2018","Live","26/08/2019","4759",,"n/a","n/a","n/a","n/a","n/a",,"n/a","Yes","PayCorp",,"James Miller - Initial Implementation
Mark Milsom - Addition of Slovakian ATMs","United Kingdom
31/3 Decision taken to use existing Paycorp BIN 434859 for delivery of EUR service for ATM point (part of Paycorp) Sloavkia. Existing BIN to have EUR ISS added to configuration.",,434859
"Issuing","Mastercard",19573,522009,"CIS-2017-15541",,"United Kingdom","EUR","MRW - Prepaid MasterCard BusinessCard Card","Commercial Prepaid","i2c","163523","Payfare","251574","25/05/2018","Closed","tbc","20357",,"20357","0070828","N","N","RPP-25786",,"Pro - via processor",,"Payfare",,"Doerte Dye","BIN deleted raised under CIS 2020-15338, deleted 10/3",19573,522009
"Issuing","Mastercard",19573,527791,"tbc",,"United Kingdom","tbc","MRG - Prepaid MasterCard Card","Consumer Prepaid","i2c","163523","Payfare","251574","tbc","Closed","tbc","20357",,"20357","0070828","N","N","tbc",,"Pro - via processor",,"Payfare",,"Doerte Dye","BIN deleted 4/11/20",19573,527791
"Issuing","Mastercard",19752,553927,"CIS-2017-15541",,"United Kingdom","EUR","MRW - Prepaid MasterCard BusinessCard Card","Commercial Prepaid","i2c","163523","Payfare","251574","25/05/2018","Closed","tbc","20357",,"20357","0070828","N","N","RPP-25817",,"Pro - via processor",,"Payfare",,"Doerte Dye","BIN deleted raised under CIS 2020-15338, deleted 10/3",19752,553927
"Issuing","Visa",,459665,"PUK007452018",,"United Kingdom","GBP","Visa Classic. – F","Consumer Debit","Paymentology","10079460","Paymentology","10079460","23/03/2019","On Hold","tbc","4941",,"459665","n/a","N","N","n/a",,"818589",,"Paymentology",,"James Miller","BIN delete raised under 705551242, date TBA",,459665
"Acquiring","Mastercard",14606,532927,"CIS-2018-11745",,"United Kingdom","MFX-14","ACQ - Acquirer Only","Acquiring Only","CashFlows","184582","POS Acquiring","184582","n/a","Delivery","n/a",,,"n/a","n/a","n/a","n/a","n/a",,"?",,,,,"CHP Project (possibly no longer required due to migration to main BIN)",14606,532927
"Acquiring","Mastercard",19572,230536,"n/a",,"United Kingdom","MFX-14","ACQ - Acquirer Only","Acquiring Only","CashFlows","184582","POS Acquiring","184582","n/a","Unused","n/a",,,"n/a","n/a","n/a","n/a","n/a",,"?",,,,,"Formerly ""Aevi/Diebold""",19572,230536
"Acquiring","Visa",,456975,"n/a",,"United Kingdom","MFX-14","ACQ - Acquirer Only","Acquiring Only","CashFlows","10067784","POS Acquiring","10067784","n/a","Live","n/a",,,"n/a","n/a","n/a","n/a","n/a",,"?",,,,,"CHP Project (possibly no longer required due to migration to main BIN)",,456975
"Acquiring","Visa",,476246,"n/a",,"United Kingdom","MFX-14","ACQ - Acquirer Only","Acquiring Only","oft",,"POS Acquiring",,"Live","Live","n/a",,,"n/a","tbc","n/a","n/a","n/a",,"tbc",,"Diebold NixDorf ",,"Doerte Dye",,,476246
"Issuing","Mastercard",20044,535164,"CIS-2019-03697","21588","United Kingdom","CZK-EUR","MPJ - Prepaid MC Debit Voucher Meal.Food Card","Consumer Prepaid","Decta","249378","Prepaid Solutions","228779","23/05/19","Migrated","tbc","20429",,"n/a","0078294","Y","Y","RPP-33158","FreePay (www.freepay.cz); Tipli (www.tipli.cz); Legally (www.legally.cz)","Hosted - via processor",,"Prepaid Solutions",,"James Miller","BIN migrated to Monavate under CIS 2020-15756, 21/12/20",20044,535164
"Issuing","Mastercard",20044,535811,"CIS-2019-03697","21588","Czech Republic","CZK-EUR-HUF-PLN-RON-BGN","MRG - Prepaid MasterCard Card","Consumer Prepaid","Decta","249378","Prepaid Solutions","228779","23/05/19","Migrated","tbc","20429",,"n/a","0078294","Y","Y","RPP-33159","FreePay (www.freepay.cz); Tipli (www.tipli.cz); Legally (www.legally.cz)","Hosted - via processor",,"Prepaid Solutions",,"James Miller","BIN migrated to Monavate under CIS 2020-15756, 21/12/20",20044,535811
"Issuing","Mastercard",20044,553613,"CIS-2019-03697","21588","Czech Republic","tbc","MPJ - Prepaid MC Debit Voucher Meal.Food Card","Consumer Prepaid","Decta",,"Prepaid Solutions",,"n/a","Closed","n/a",,,"n/a","n/a","n/a","n/a","n/a",,"n/a",,"Mastercard",,"James Miller","Never live",20044,553613
"ATM - Acquiring","JCB",,152650,"n/a",,"tbc","tbc","ACQ - Acquirer Only","Acquiring Only","Vocalink",,"ICE",,"tbc","Live","tbc",,,"n/a",,,,,,,,,,,"Previously known as Raphaels.
",,152650
"ATM - Acquiring","Pulse",,,"n/a",,"tbc","tbc","ACQ - Acquirer Only","Acquiring Only","Vocalink",,"ICE",,"?","Live","?","2053",,"n/a",,,,,,,,,,,"Previously known as Raphaels.
13/10 ICE entered formal administration and ATMs closed.",,
"ATM - Acquiring","UPI",,33220826,"n/a",,"tbc","tbc","ACQ - Acquirer Only","Acquiring Only","Vocalink",,"ICE",,"?","Closed","?",,,"n/a",,,,,,,,,,"Doerte Dye","Oct-21 ICE into administration",,33220826
"ATM - Acquiring","Mastercard",21468,,"CIS-2019-11176","32658","Belgium","EUR","ACQ - Acquirer Only","Acquiring Only","Compass Plus","246004","RBCG",,"tbc","Delivery","tbc","21530",,"200530","tbc","n/a","n/a","n/a",,"Hosted",,"Compass Plus",,"Adeel Hussain","8/12 Adeel confirmed no relationship. Just checking with legal on next steps prior to cancelling BIN.
18/3 MM requested information from Finance to support business case for costs of closing ICA down.
31/03/22 * BIN Repurposed for use on Brinks Lithuania ",21468,
"ATM - Acquiring","Mastercard",21469,,"CIS-2019-11176","32655","Netherlands","EUR","ACQ - Acquirer Only","Acquiring Only","Compass Plus","246004","RBCG",,"tbc","Delivery","tbc","21530",,"200530","tbc","n/a","n/a","n/a",,"Hosted",,"Compass Plus",,"Adeel Hussain","8/12 Adeel confirmed no relationship. Just checking with legal on next steps prior to cancelling BIN.
18/3 MM requested information from Finance to support business case for costs of closing ICA down.
31/03/22 * BIN Repurposed for use on Brinks Latvia pro",21469,
"ATM - Acquiring","Mastercard",21470,,"CIS-2019-11176","32652","Ireland ","EUR","ACQ - Acquirer Only","Acquiring Only","Compass Plus","246004","RBCG",,"tbc","Delivery","tbc","21530",,"200530","tbc","n/a","n/a","n/a",,"Hosted",,"Compass Plus",,"Adeel Hussain","8/12 Adeel confirmed no relationship. Just checking with legal on next steps prior to cancelling BIN.
18/3 MM requested information from Finance to support business case for costs of closing ICA down.
31/03/22 * BIN Repurposed for use on Brinks Estonia pr",21470,
"ATM - Acquiring","Mastercard",21471,,"CIS-2019-11176","32649","Luxembourg","EUR","ACQ - Acquirer Only","Acquiring Only","Compass Plus","246004","RBCG",,"tbc","Delivery","tbc","21530",,"200530","tbc","n/a","n/a","n/a",,"Hosted",,"Compass Plus",,"Adeel Hussain","8/12 Adeel confirmed no relationship. Just checking with legal on next steps prior to cancelling BIN.
18/3 MM requested information from Finance to support business case for costs of closing ICA down.
31/03/22 * BIN Repurposed for use on Brinks Ireland pr",21471,
"ATM - Acquiring","Mastercard",21472,,"CIS-2019-11176","32646","France","EUR","ACQ - Acquirer Only","Acquiring Only","Compass Plus","246004","RBCG",,"tbc","Delivery","tbc","21530",,"200530","tbc","n/a","n/a","n/a",,"Hosted",,"Compass Plus",,"Adeel Hussain","8/12 Adeel confirmed no relationship. Just checking with legal on next steps prior to cancelling BIN.
18/3 MM requested information from Finance to support business case for costs of closing ICA down.
31/03/22 * BIN Repurposed for use on Brinks France pro",21472,
"ATM - Acquiring","Visa",,434746,"PUK007422018",,"United Kingdom","GBP","ACQ - Acquirer Only","Acquiring Only","Compass Plus","10078333","RBCG","10078333","tbc","Pending Closure","tbc","4387",,"tbc","tbc","n/a","n/a","n/a",,"746089",,"Compass Plus",,"Adeel Hussain","8/12 Adeel confirmed no relationship. Just checking with legal on next steps prior to cancelling BIN.
18/3 MM requested information from Finance to support business case for costs of closing BIN down.
Jul-21 BIN deletion submitted. Release scheduled for O",,434746
"ATM - Acquiring","Visa",,434745,"PUK007422018",,"Europe","EUR","ACQ - Acquirer Only","Acquiring Only","Compass Plus","10078333","RBCG","10078333","tbc","Pending Closure","tbc","4387",,"tbc","tbc","n/a","n/a","n/a",,"746089",,"Compass Plus",,"Adeel Hussain","8/12 Adeel confirmed no relationship. Just checking with legal on next steps prior to cancelling BIN.
18/3 MM requested information from Finance to support business case for costs of closing ICA down.
Jul-21 BIN deletion submitted. Release scheduled for O",,434745
"ATM - Acquiring","Discover",,367246,"n/a",,"United Kingdom","GBP","ACQ - Acquirer Only","Acquiring Only","Diebold Nixdorf",,"Sainsbury",,"tbc","Live","29/09/2020",,,"n/a","tbc","n/a","n/a","n/a",,"tbc",,"Diebold NixDorf ",,"James Miller","First live transactions 29/9/2020",,367246
"Acquiring","Mastercard",12593,532687,"n/a",,"United Kingdom","MFX-14","ACQ - Acquirer Only","Acquiring Only","CashFlows","184582","Settlement/Reporting","184582","n/a","Live","n/a",,,"n/a","n/a","n/a","n/a","n/a",,,,,,,,12593,532687
"Acquiring","Visa",,469869,"n/a",,"United Kingdom","MFX-14","ACQ - Acquirer Only","Acquiring Only","CashFlows","10067784","Settlement/Reporting","10067784","n/a","Live","n/a",,,"n/a","n/a","n/a","n/a","n/a",,"n/a",,,,,,,469869
"ATM - Acquiring","UPI",,41870620,"n/a",,"Portugal","EUR","ACQ - Acquirer Only","Acquiring Only","Chipcard","47790688","SoftFinanca",,"tbc","Delivery","tbc",,,"47790688","tbc","n/a","n/a","n/a",,,,"SoftFinanca",,"James Miller","tbc in 2021",,41870620
"ATM - Acquiring","Visa",,463360,"305515406",,"Portugal","EUR","ACQ - Acquirer Only","Acquiring Only","Chipcard",,"SoftFinanca",,"20/08/20","Delivery",,,,,,,,"n/a",,,,"SoftFinanca",,"Catherine Gunaseelan","BIN live date 20/08/2020",,463360
"ATM - Acquiring","Mastercard",23260,270266,"CIS-2020-02627","44141","Portugal","EUR","ACQ - Acquirer Only","Acquiring Only","Chipcard","208395","SoftFinanca",,"10/06/20","Delivery","tbc","20257",,"200257","tbc","n/a","n/a","n/a",,,,"SoftFinanca",,"Catherine Gunaseelan",,23260,270266
"Issuing","Mastercard",20521,535014,"CIS-2018-15023","14564","United Kingdom","GBP","MRG - Prepaid MasterCard Card","Consumer Prepaid","Wirecard Romania","163131","Solidus","256875","25/03/19","Closed","tbc","26037",,"20521","0088593","N","N","RPP-32763",,"tbc",,"Solidus",,"James Miller","Deleted under MCM #43870, 11/9/20",20521,535014
"Issuing","Mastercard",21600,547571,"CIS-2019-14251","36352","Netherlands","EUR","MRW - Prepaid MasterCard BusinessCard Card","Commercial Prepaid","Marqeta","255249","Stranded Flight Solution","260646","30/12/19","On Hold","tbc","20651",,"tbc","0088710","N","N","tbc",,,,"Marqeta",,"James Miller","BIN delete raised under CIS 2020-15138, date TBA",21600,547571
"Acquiring","Visa",,481064,"n/a",,"United Kingdom","tbc","ACQ - Acquirer Only","Acquiring Only","CashFlows","10079833","eComm Acquiring","10079833","n/a","Live","n/a",,,"n/a","n/a","n/a","n/a","n/a",,"tbc",,,,,,,481064
"Acquiring","Mastercard",19748,230659,"CIS-2020-12700",,"Netherlands","tbc","ACQ - Acquirer Only","Acquiring Only","CashFlows",,"tbc",,"Unused","Not Started","n/a",,,"n/a","n/a","n/a","n/a","n/a",,"n/a",,,,,"Unassigned",19748,230659
"ATM - Acquiring","Mastercard",20759,268160,"CIS-2019-02746","23682","United Kingdom","GBP","ACQ - Acquirer Only","Acquiring Only","Compass Plus","246004","tbc",,"tbc","Pending Closure","tbc",,,"n/a","tbc","n/a","n/a","n/a",,"tbc",,"Compass Plus",,"Adeel Hussain","19/10 /21 BIN Blcoking form submitted to MC for action on 28th October. BIN and ICA delete to follow",20759,268160
"ATM - Acquiring","Visa",,417178,"n/a",,"tbc","tbc","ACQ - Acquirer Only","Acquiring Only","Vocalink",,"tbc",,,"Closed",,"2053",,,,,,,,,,,,"Doerte Dye","26/11 No project code. No customer details. VL claim this is not something they should be paying for.
16/12 Visa customer sevices investigating usage and project code but no evidence of this being a live BIN.
3/2/21 BIN release to be submitted to VISA aft",,417178
"ATM - Acquiring","Visa",,417179,"n/a",,"tbc","tbc","ACQ - Acquirer Only","Acquiring Only","Vocalink",,"tbc",,,"Closed",,"2053",,,,,,,,,,,,"Doerte Dye","26/11 No project code. No customer details. VL claim this is not something they should be paying for.
16/12 Visa customer sevices investigating usage and project code but no evidence of this being a live BIN.
3/2/21 BIN release to be submitted to VISA aft",,417179
"ATM - Acquiring","Visa",,417181,"n/a",,"tbc","tbc","ACQ - Acquirer Only","Acquiring Only","Vocalink",,"tbc",,,"Closed",,"2053",,,,,,,,,,,,"Doerte Dye","26/11 No project code. No customer details. VL claim this is not something they should be paying for.
16/12 Visa customer sevices investigating usage and project code but no evidence of this being a live BIN.
3/2/21 BIN release to be submitted to VISA aft",,417181
"Issuing","Visa",,435550,"tbc",,"Europe","tbc","tbc","tbc","Enfuce","10079783","tbc",,"tbc","Closed","tbc",,,"tbc","tbc","tbc","tbc","tbc",,"818743",,,,"Onick Rahman","Deleted 17/6/20",,435550
"Issuing","Visa",,476255,"n/a",,"United Kingdom","MFX-14","n/a","n/a","FIS",,"Transact 24","10070327","n/a","On Hold","n/a",,,"n/a","n/a","N","N","n/a",,"?",,"Transact 24",,"Doerte Dye","Delete request being raised 17/2/21",,476255
"ATM - Acquiring","Pulse",,,"n/a",,"tbc","tbc","ACQ - Acquirer Only","Acquiring Only","Vocalink",,"Travelex",,"?","Live","?",,,"n/a",,,,,,,,,,,"16/2 VL do not process Travelex. They are a VL gateway customer for Pulse acquiring.",,
"Issuing","Visa",,487188,"PUK008982019",,"Europe","MFX-14","Visa Bus. – G","Commercial Prepaid","Paymentology","249093","Unified Finance","10067784","tbc","Closed","tbc","200543",,"n/a","0072984","N","N","n/a",,"tbc",,"Unified Finance",,"James Miller","BINs never live",,487188
"Issuing","Visa",,487189,"PUK008982019",,"United Kingdom","GBP","Visa Bus. – G","Commercial Prepaid","Paymentology","249093","Unified Finance","10067784","tbc","Closed","tbc",,,"BINs never live","0072984","N","N","n/a",,"tbc",,"Unified Finance",,"James Miller","BINs never live",,487189
"Issuing","Visa",,487190,"PUK008982019",,"Europe","MFX-14","Visa Multi-Currency. – MS","Consumer Prepaid","Paymentology","249093","Unified Finance","10067784","tbc","Closed","tbc",,,"BINs never live","0072984","N","N","n/a",,"tbc",,"Unified Finance",,"James Miller","BINs never live",,487190
"Issuing","Visa",,487191,"PUK008982019",,"Europe","MFX-14","Visa Classic. – F","Consumer Prepaid","Paymentology","249093","Unified Finance","10067784","tbc","Closed","tbc",,,"BINs never live","0072984","N","N","n/a",,"tbc",,"Unified Finance",,"James Miller","BINs never live",,487191
"Issuing","Visa",,487192,"PUK008982019",,"United Kingdom","GBP","Visa Classic. – F","Consumer Prepaid","Paymentology","249093","Unified Finance","10067784","tbc","Closed","tbc",,,"BINs never live","0072984","N","N","n/a",,"tbc",,"Unified Finance",,"James Miller","BINs never live",,487192
"ATM - Acquiring","UPI",,33220826,"n/a",,"tbc","tbc","ACQ - Acquirer Only","Acquiring Only","Vocalink",,"YourCash",,"?","Closed","?",,,"n/a",,,,,,,,,,"Doerte Dye","12/2 VL confirmed Yourcash not using their service.",,33220826
"ATM - Acquiring","UPI",,33220826,"n/a",,"tbc","tbc","ACQ - Acquirer Only","Acquiring Only","Vocalink",,"YourCash",,"?","Closed","?",,,"n/a",,,,,,,,,,"Doerte Dye","12/2 VL confirmed Yourcash not using their service.",,33220826
"ATM - Acquiring","Visa",,416344,"n/a",,"Europe","EUR","ACQ - Acquirer Only","Acquiring Only","Vocalink",,"YourCash - Belgium",,"n/a","Closed","n/a","2053",,"n/a","n/a","n/a","n/a","n/a",,"817395",,,,"Doerte Dye","Belgium",,416344
"ATM - Acquiring","Visa",,416346,"n/a",,"Europe","GBP-EUR","ACQ - Acquirer Only","Acquiring Only","Vocalink",,"YourCash - Ireland",,"?","Closed","?","2053",,"n/a",,,,,,"817395",,,,"Doerte Dye","6/10 CG requested blocking.
15/10 VISA confirmed 2/3/2021 as deletion date",,416346
"ATM - Acquiring","Visa",,401059,"PUK006892018",,"Europe","GBP-EUR","ACQ - Acquirer Only","Acquiring Only","Euronet","10039429","YourCash - Ireland",,"30/01/19","Live","30--01-19","2773",,"n/a","tbc","n/a","n/a","n/a",,"?","Yes","Euronet",,"James Miller","Migrated from VocaLink",,401059
"ATM - Acquiring","Visa",,416345,"n/a",,"Europe","EUR","ACQ - Acquirer Only","Acquiring Only","Vocalink",,"YourCash - Netherlands",,"?","Closed","?","2053",,"n/a",,,,,,"817395",,,,"Doerte Dye","Netherlands
26/11 MM requesting confirmation that the YourCash NL BIN should be closed as part of same exercise as UK and Ireland.
18/12 MM requested any information to support closure from VLs perspective.
21/12 VL confirm that this should closed as per ",,416345
"ATM - Acquiring","Visa",,401058,"PUK006892018",,"Europe","GBP-EUR","ACQ - Acquirer Only","Acquiring Only","Euronet","10039429","YourCash - Netherlands",,"30/01/19","Live","30--01-19","2773",,"n/a","tbc","n/a","n/a","n/a",,"?","Yes","Euronet",,"James Miller","Migrated from VocaLink",,401058
"ATM - Acquiring","Visa",,459844,"n/a",,"United Kingdom","GBP","ACQ - Acquirer Only","Acquiring Only","Vocalink",,"YourCash - UK",,"?","Closed","?","2053",,"n/a",,,,,,"817395",,,,"Doerte Dye","6/10 CG requested blocking.
15/10 VISA confirmed 2/3/2021 as deletion date",,459844
"ATM - Acquiring","Visa",,456953,"PUK006892018",,"United Kingdom","GBP-EUR","ACQ - Acquirer Only","Acquiring Only","Euronet","10039429","YourCash - UK",,"30/01/19","Live","30--01-19","2773",,"n/a","tbc","n/a","n/a","n/a",,"?","Yes","Euronet",,"James Miller","Migrated from VocaLink",,456953
"Issuing","Mastercard",20472,537561,"CIS-2018-12616",,"United Kingdom","GBP","MRG - Prepaid MasterCard Card","Consumer Prepaid","GPS","184220","Zilch","255159","19/11/18","Migrated","tbc","20293",,"12181","0081062","Y","N","RPP-32057",,"Hosted - via processor",,"Zilch",,"Onick Rahman","BIN migrated to Monavate under CIA 2020-15091, 17/11/20",20472,537561
"Issuing","Mastercard",20472,516940,"CIS-2018-12616",,"United Kingdom","GBP","MBP - Mastercard Corporate Prepaid","Commercial Prepaid","GPS","184220","Zilch","255159","19/11/18","Migrated","28/03/19","20293",,"12181","0081062","Y","N","RPP-33006",,"Hosted - via processor",,"Zilch",,"Onick Rahman","BIN migrated to Monavate under CIA 2020-15091, 17/11/20",20472,516940
"ATM - Acquiring","Mastercard",31174,271344,"CIS-2021-04612  ",,"Slovakia","EUR","ACQ - Acquirer Only","Acquiring Only","PayCorp",,"ATM Point (Paycorp)",,"26/05/21","Live"," ","20442",,,"72743","n/a",,,,,,"ATM Point",,"Mark Milsom","24/3 Request for ICA submitted to MC.
25/3 ICA details received.
31/3 BIN Requested.
15/4 MC PM allocated.
26/5 MC PM confirmed ICA live.",31174,271344
"ATM - Acquiring","VISA",,434859,"PUK305525384",,"Slovakia","EUR","ACQ - Acquirer Only","Acquiring Only","PayCorp",,"ATM Point (Paycorp)",,,"Live",,,,,,"n/a",,,,,,,,"Mark Milsom","26/3 New VISA BIN requested
31/3 VISA confirmed receipt and seeking IM.
19/4 Decision taken to use existing Paycorp BIN 434859. Project amended to add ISS EUR SRE for BIN 434859 and to link to existing EUR INTERNATIONAL SETTLEMENT SERVICE 3586744038.",,434859
"ATM - Acquiring","Mastercard",31389,270922,"CIS-2021-08039",,"United Kingdom","GBP","ACQ - Acquirer Only","Acquiring Only","Vocalink",,"Post Office Ltd","242211","23/07/21","Live","15/09/21","20214",,"200214","86139","n/a","n/a",,,,"No","Vocalink",,"Mark Milsom","21/6 Mastercard Project requested.
23/7 Mastercard confrm changes implemented in production.
15/9 First MC transactions conducted on 15/9. ",31389,270922
"ATM - Acquiring","Visa",,416580,"PUK305528061",,"Europe","GBP","ACQ - Acquirer Only","Acquiring Only","Vocalink",,"Post Office Ltd","10036602","27/08/21","Live","14/09/21","2053",,"n/a",,"n/a","n/a","n/a",,"817395","No","Vocalink",,"Mark Milsom","27/7 BIN migration project initiated with VISA to change BIN 416580 from a multi currency BIN logged with EVRY to a Vocalink BIN for the Post Office for GBP only.
14/9 First VISA transactions conducted 14/9.",,416580
